metric,value
avg_spread,0.003934146262369723
fill_rate,0.7305015700283459
inflation_volatility,0.005079228817534065
loan_output_ratio,0.5150892472761202
price_dispersion,0.04133364173331798
wage_dispersion,0.027644505694626308
