{"price_dispersion": 30.54391975785171, "avg_spread": 0.012416861243256992, "fill_rate": 0.3211298901783594, "wage_dispersion": 40.429075381981654, "credit_growth": 0.0, "inflation_volatility": 0.01043345348796512}